id,company_name,website_url,traffic_value(SEMrush Rank),competitor_level
1,dartcontainer,https://dartcontainer.com/,36.40,A级-直接竞争对手
2,goodstartpackaging,https://www.goodstartpackaging.com/,46.00,A级-直接竞争对手
3,greenpaperproducts,https://greenpaperproducts.com/,51.50,A级-直接竞争对手
4,plasticcontainercity,https://plasticcontainercity.com/,195.00,A级-直接竞争对手
5,mrtakeoutbags,https://www.mrtakeoutbags.com/,195.00,A级-直接竞争对手
6,wowplastics,https://www.wowplastics.com/,348.00,A级-直接竞争对手
7,lacerta,https://lacerta.com/,385.00,A级-直接竞争对手
8,restaurantsupplydrop,https://www.restaurantsupplydrop.com/,477.00,A级-直接竞争对手
9,plasticingenuity,https://www.plasticingenuity.com/,489.00,A级-直接竞争对手
10,easypak,https://www.easypak.com/,711.00,A级-直接竞争对手
11,takeawaypackaging,https://takeawaypackaging.co.uk/,1130.00,A级-直接竞争对手
12,atyourservous,https://www.atyourservous.com/,1690.00,A级-直接竞争对手
13,p5pkg,https://www.p5pkg.com/,2120.00,A级-直接竞争对手
14,formtightinc,https://www.formtightinc.com/,2580.00,A级-直接竞争对手
15,faerch,https://www.faerch.com/,2800.00,A级-直接竞争对手
16,thecupstore,https://thecupstore.com/,114.00,B级-核心替代品
17,sabert,https://sabert.com/,169.00,B级-核心替代品
18,worldcentric,https://www.worldcentric.com/,243.00,B级-核心替代品
19,biopak,https://www.biopak.com/au/,358.00,B级-核心替代品
20,this-element,https://this-element.com/,525.00,B级-核心替代品
21,ambican,https://ambican.com/,2720.00,B级-核心替代品
22,lollicupstore,https://lollicupstore.com/,56.60,C级-部分重叠者
23,novolex,https://novolex.com/,91.90,C级-部分重叠者
24,yourbrandcafe,https://www.yourbrandcafe.com/,127.00,C级-部分重叠者
25,pactivevergreen,https://pactivevergreen.com/,42.60,D级-生态竞争者
26,noissue,https://noissue.co/,82.10,D级-生态竞争者
27,pakfactory,https://pakfactory.com/,95.90,D级-生态竞争者
28,elitecustomboxes,https://www.elitecustomboxes.com/,189.00,D级-生态竞争者
29,elevatepackaging,https://elevatepackaging.com/,246.00,D级-生态竞争者
30,ecoqualityinc,https://ecoqualityinc.com/,316.00,D级-生态竞争者
31,ecosoulhome,https://www.ecosoulhome.com/,455.00,D级-生态竞争者